file,line,type,commit,author,date,time,timezone,datetime,depth,length
styles.css,1,css,0b2bf368,akuppal,2025-04-11,18:32:33,-07:00,2025-04-11T18:32:33-07:00,0,6
styles.css,2,css,0b2bf368,akuppal,2025-04-11,18:32:33,-07:00,2025-04-11T18:32:33-07:00,0,32
styles.css,3,css,0b2bf368,akuppal,2025-04-11,18:32:33,-07:00,2025-04-11T18:32:33-07:00,0,0
styles.css,4,css,0b2bf368,akuppal,2025-04-11,18:32:33,-07:00,2025-04-11T18:32:33-07:00,0,0
styles.css,5,css,0b2bf368,akuppal,2025-04-11,18:32:33,-07:00,2025-04-11T18:32:33-07:00,0,3
styles.css,6,css,0b2bf368,akuppal,2025-04-11,18:32:33,-07:00,2025-04-11T18:32:33-07:00,0,15
styles.css,7,css,0b2bf368,akuppal,2025-04-11,18:32:33,-07:00,2025-04-11T18:32:33-07:00,0,0
styles.css,8,css,0b2bf368,akuppal,2025-04-11,18:32:33,-07:00,2025-04-11T18:32:33-07:00,0,0
styles.css,9,css,3c782ce1,akuppal,2025-04-04,16:21:22,-07:00,2025-04-04T16:21:22-07:00,0,5
styles.css,10,css,0b2bf368,akuppal,2025-04-11,18:32:33,-07:00,2025-04-11T18:32:33-07:00,0,44
styles.css,11,css,0b2bf368,akuppal,2025-04-11,18:32:33,-07:00,2025-04-11T18:32:33-07:00,0,43
styles.css,12,css,0b2bf368,akuppal,2025-04-11,18:32:33,-07:00,2025-04-11T18:32:33-07:00,0,1
styles.css,13,css,0b2bf368,akuppal,2025-04-11,18:32:33,-07:00,2025-04-11T18:32:33-07:00,0,19
styles.css,14,css,0b2bf368,akuppal,2025-04-11,18:32:33,-07:00,2025-04-11T18:32:33-07:00,0,24
styles.css,15,css,0b2bf368,akuppal,2025-04-11,18:32:33,-07:00,2025-04-11T18:32:33-07:00,0,60
styles.css,16,css,0b2bf368,akuppal,2025-04-11,18:32:33,-07:00,2025-04-11T18:32:33-07:00,0,69
styles.css,17,css,0b2bf368,akuppal,2025-04-11,18:32:33,-07:00,2025-04-11T18:32:33-07:00,0,13
styles.css,18,css,0b2bf368,akuppal,2025-04-11,18:32:33,-07:00,2025-04-11T18:32:33-07:00,0,0
styles.css,19,css,0b2bf368,akuppal,2025-04-11,18:32:33,-07:00,2025-04-11T18:32:33-07:00,0,0
styles.css,20,css,0b2bf368,akuppal,2025-04-11,18:32:33,-07:00,2025-04-11T18:32:33-07:00,0,4
styles.css,21,css,0b2bf368,akuppal,2025-04-11,18:32:33,-07:00,2025-04-11T18:32:33-07:00,0,15
styles.css,22,css,0b2bf368,akuppal,2025-04-11,18:32:33,-07:00,2025-04-11T18:32:33-07:00,0,12
styles.css,23,css,0b2bf368,akuppal,2025-04-11,18:32:33,-07:00,2025-04-11T18:32:33-07:00,0,0
styles.css,24,css,0b2bf368,akuppal,2025-04-11,18:32:33,-07:00,2025-04-11T18:32:33-07:00,0,0
styles.css,25,css,0b2bf368,akuppal,2025-04-11,18:32:33,-07:00,2025-04-11T18:32:33-07:00,0,4
styles.css,26,css,0b2bf368,akuppal,2025-04-11,18:32:33,-07:00,2025-04-11T18:32:33-07:00,0,13
styles.css,27,css,0b2bf368,akuppal,2025-04-11,18:32:33,-07:00,2025-04-11T18:32:33-07:00,0,19
styles.css,28,css,0b2bf368,akuppal,2025-04-11,18:32:33,-07:00,2025-04-11T18:32:33-07:00,0,42
styles.css,29,css,0b2bf368,akuppal,2025-04-11,18:32:33,-07:00,2025-04-11T18:32:33-07:00,0,0
styles.css,30,css,0b2bf368,akuppal,2025-04-11,18:32:33,-07:00,2025-04-11T18:32:33-07:00,0,0
styles.css,31,css,0b2bf368,akuppal,2025-04-11,18:32:33,-07:00,2025-04-11T18:32:33-07:00,0,6
styles.css,32,css,0b2bf368,akuppal,2025-04-11,18:32:33,-07:00,2025-04-11T18:32:33-07:00,0,7
styles.css,33,css,0b2bf368,akuppal,2025-04-11,18:32:33,-07:00,2025-04-11T18:32:33-07:00,0,17
styles.css,34,css,0b2bf368,akuppal,2025-04-11,18:32:33,-07:00,2025-04-11T18:32:33-07:00,0,0
styles.css,35,css,0b2bf368,akuppal,2025-04-11,18:32:33,-07:00,2025-04-11T18:32:33-07:00,0,0
styles.css,36,css,0b2bf368,akuppal,2025-04-11,18:32:33,-07:00,2025-04-11T18:32:33-07:00,0,6
styles.css,37,css,0b2bf368,akuppal,2025-04-11,18:32:33,-07:00,2025-04-11T18:32:33-07:00,0,7
styles.css,38,css,0b2bf368,akuppal,2025-04-11,18:32:33,-07:00,2025-04-11T18:32:33-07:00,0,21
styles.css,39,css,0b2bf368,akuppal,2025-04-11,18:32:33,-07:00,2025-04-11T18:32:33-07:00,0,14
styles.css,40,css,0b2bf368,akuppal,2025-04-11,18:32:33,-07:00,2025-04-11T18:32:33-07:00,0,18
styles.css,41,css,0b2bf368,akuppal,2025-04-11,18:32:33,-07:00,2025-04-11T18:32:33-07:00,0,14
styles.css,42,css,0b2bf368,akuppal,2025-04-11,18:32:33,-07:00,2025-04-11T18:32:33-07:00,0,0
styles.css,43,css,0b2bf368,akuppal,2025-04-11,18:32:33,-07:00,2025-04-11T18:32:33-07:00,0,0
styles.css,44,css,0b2bf368,akuppal,2025-04-11,18:32:33,-07:00,2025-04-11T18:32:33-07:00,0,14
styles.css,45,css,0b2bf368,akuppal,2025-04-11,18:32:33,-07:00,2025-04-11T18:32:33-07:00,0,44
styles.css,46,css,0b2bf368,akuppal,2025-04-11,18:32:33,-07:00,2025-04-11T18:32:33-07:00,0,17
styles.css,47,css,0b2bf368,akuppal,2025-04-11,18:32:33,-07:00,2025-04-11T18:32:33-07:00,0,0
styles.css,48,css,0b2bf368,akuppal,2025-04-11,18:32:33,-07:00,2025-04-11T18:32:33-07:00,0,0
styles.css,49,css,0b2bf368,akuppal,2025-04-11,18:32:33,-07:00,2025-04-11T18:32:33-07:00,0,12
styles.css,50,css,0b2bf368,akuppal,2025-04-11,18:32:33,-07:00,2025-04-11T18:32:33-07:00,0,46
styles.css,51,css,d4eb865d,akuppal,2025-04-18,21:12:29,-07:00,2025-04-18T21:12:29-07:00,0,70
styles.css,52,css,0b2bf368,akuppal,2025-04-11,18:32:33,-07:00,2025-04-11T18:32:33-07:00,0,0
styles.css,53,css,0b2bf368,akuppal,2025-04-11,18:32:33,-07:00,2025-04-11T18:32:33-07:00,0,0
styles.css,54,css,0b2bf368,akuppal,2025-04-11,18:32:33,-07:00,2025-04-11T18:32:33-07:00,0,5
styles.css,55,css,0b2bf368,akuppal,2025-04-11,18:32:33,-07:00,2025-04-11T18:32:33-07:00,0,8
styles.css,56,css,0b2bf368,akuppal,2025-04-11,18:32:33,-07:00,2025-04-11T18:32:33-07:00,0,7
styles.css,57,css,0b2bf368,akuppal,2025-04-11,18:32:33,-07:00,2025-04-11T18:32:33-07:00,0,13
styles.css,58,css,0b2bf368,akuppal,2025-04-11,18:32:33,-07:00,2025-04-11T18:32:33-07:00,0,0
styles.css,59,css,0b2bf368,akuppal,2025-04-11,18:32:33,-07:00,2025-04-11T18:32:33-07:00,0,0
styles.css,60,css,0b2bf368,akuppal,2025-04-11,18:32:33,-07:00,2025-04-11T18:32:33-07:00,0,5
styles.css,61,css,0b2bf368,akuppal,2025-04-11,18:32:33,-07:00,2025-04-11T18:32:33-07:00,0,13
styles.css,62,css,0b2bf368,akuppal,2025-04-11,18:32:33,-07:00,2025-04-11T18:32:33-07:00,0,31
styles.css,63,css,0b2bf368,akuppal,2025-04-11,18:32:33,-07:00,2025-04-11T18:32:33-07:00,0,8
styles.css,64,css,0b2bf368,akuppal,2025-04-11,18:32:33,-07:00,2025-04-11T18:32:33-07:00,0,0
styles.css,65,css,0b2bf368,akuppal,2025-04-11,18:32:33,-07:00,2025-04-11T18:32:33-07:00,0,0
styles.css,66,css,0b2bf368,akuppal,2025-04-11,18:32:33,-07:00,2025-04-11T18:32:33-07:00,0,11
styles.css,67,css,0b2bf368,akuppal,2025-04-11,18:32:33,-07:00,2025-04-11T18:32:33-07:00,0,13
styles.css,68,css,0b2bf368,akuppal,2025-04-11,18:32:33,-07:00,2025-04-11T18:32:33-07:00,0,30
styles.css,69,css,0b2bf368,akuppal,2025-04-11,18:32:33,-07:00,2025-04-11T18:32:33-07:00,0,19
styles.css,70,css,0b2bf368,akuppal,2025-04-11,18:32:33,-07:00,2025-04-11T18:32:33-07:00,0,0
styles.css,71,css,0b2bf368,akuppal,2025-04-11,18:32:33,-07:00,2025-04-11T18:32:33-07:00,0,0
styles.css,72,css,0b2bf368,akuppal,2025-04-11,18:32:33,-07:00,2025-04-11T18:32:33-07:00,0,12
styles.css,73,css,0b2bf368,akuppal,2025-04-11,18:32:33,-07:00,2025-04-11T18:32:33-07:00,0,53
styles.css,74,css,0b2bf368,akuppal,2025-04-11,18:32:33,-07:00,2025-04-11T18:32:33-07:00,0,0
styles.css,75,css,0b2bf368,akuppal,2025-04-11,18:32:33,-07:00,2025-04-11T18:32:33-07:00,0,0
styles.css,76,css,0b2bf368,akuppal,2025-04-11,18:32:33,-07:00,2025-04-11T18:32:33-07:00,0,10
styles.css,77,css,0b2bf368,akuppal,2025-04-11,18:32:33,-07:00,2025-04-11T18:32:33-07:00,0,13
styles.css,78,css,0b2bf368,akuppal,2025-04-11,18:32:33,-07:00,2025-04-11T18:32:33-07:00,0,59
styles.css,79,css,0b2bf368,akuppal,2025-04-11,18:32:33,-07:00,2025-04-11T18:32:33-07:00,0,8
styles.css,80,css,0b2bf368,akuppal,2025-04-11,18:32:33,-07:00,2025-04-11T18:32:33-07:00,0,0
styles.css,81,css,0b2bf368,akuppal,2025-04-11,18:32:33,-07:00,2025-04-11T18:32:33-07:00,0,0
styles.css,82,css,0b2bf368,akuppal,2025-04-11,18:32:33,-07:00,2025-04-11T18:32:33-07:00,0,18
styles.css,83,css,0b2bf368,akuppal,2025-04-11,18:32:33,-07:00,2025-04-11T18:32:33-07:00,0,13
styles.css,84,css,0b2bf368,akuppal,2025-04-11,18:32:33,-07:00,2025-04-11T18:32:33-07:00,0,27
styles.css,85,css,0b2bf368,akuppal,2025-04-11,18:32:33,-07:00,2025-04-11T18:32:33-07:00,0,16
styles.css,86,css,0b2bf368,akuppal,2025-04-11,18:32:33,-07:00,2025-04-11T18:32:33-07:00,0,10
styles.css,87,css,0b2bf368,akuppal,2025-04-11,18:32:33,-07:00,2025-04-11T18:32:33-07:00,0,0
styles.css,88,css,0b2bf368,akuppal,2025-04-11,18:32:33,-07:00,2025-04-11T18:32:33-07:00,0,0
styles.css,89,css,0b2bf368,akuppal,2025-04-11,18:32:33,-07:00,2025-04-11T18:32:33-07:00,0,13
styles.css,90,css,0b2bf368,akuppal,2025-04-11,18:32:33,-07:00,2025-04-11T18:32:33-07:00,0,9
styles.css,91,css,0b2bf368,akuppal,2025-04-11,18:32:33,-07:00,2025-04-11T18:32:33-07:00,0,0
styles.css,92,css,0b2bf368,akuppal,2025-04-11,18:32:33,-07:00,2025-04-11T18:32:33-07:00,0,0
styles.css,93,css,0b2bf368,akuppal,2025-04-11,18:32:33,-07:00,2025-04-11T18:32:33-07:00,0,0
styles.css,94,css,0b2bf368,akuppal,2025-04-11,18:32:33,-07:00,2025-04-11T18:32:33-07:00,0,11
styles.css,95,css,0b2bf368,akuppal,2025-04-11,18:32:33,-07:00,2025-04-11T18:32:33-07:00,0,15
styles.css,96,css,0b2bf368,akuppal,2025-04-11,18:32:33,-07:00,2025-04-11T18:32:33-07:00,0,20
styles.css,97,css,0b2bf368,akuppal,2025-04-11,18:32:33,-07:00,2025-04-11T18:32:33-07:00,0,0
styles.css,98,css,0b2bf368,akuppal,2025-04-11,18:32:33,-07:00,2025-04-11T18:32:33-07:00,0,0
styles.css,99,css,0b2bf368,akuppal,2025-04-11,18:32:33,-07:00,2025-04-11T18:32:33-07:00,0,11
styles.css,100,css,0b2bf368,akuppal,2025-04-11,18:32:33,-07:00,2025-04-11T18:32:33-07:00,0,17
styles.css,101,css,0b2bf368,akuppal,2025-04-11,18:32:33,-07:00,2025-04-11T18:32:33-07:00,0,44
styles.css,102,css,0b2bf368,akuppal,2025-04-11,18:32:33,-07:00,2025-04-11T18:32:33-07:00,0,22
styles.css,103,css,0b2bf368,akuppal,2025-04-11,18:32:33,-07:00,2025-04-11T18:32:33-07:00,0,15
styles.css,104,css,0b2bf368,akuppal,2025-04-11,18:32:33,-07:00,2025-04-11T18:32:33-07:00,0,0
styles.css,105,css,0b2bf368,akuppal,2025-04-11,18:32:33,-07:00,2025-04-11T18:32:33-07:00,0,0
styles.css,106,css,0b2bf368,akuppal,2025-04-11,18:32:33,-07:00,2025-04-11T18:32:33-07:00,0,11
styles.css,107,css,0b2bf368,akuppal,2025-04-11,18:32:33,-07:00,2025-04-11T18:32:33-07:00,0,17
styles.css,108,css,0b2bf368,akuppal,2025-04-11,18:32:33,-07:00,2025-04-11T18:32:33-07:00,0,19
styles.css,109,css,0b2bf368,akuppal,2025-04-11,18:32:33,-07:00,2025-04-11T18:32:33-07:00,0,0
styles.css,110,css,0b2bf368,akuppal,2025-04-11,18:32:33,-07:00,2025-04-11T18:32:33-07:00,0,0
styles.css,111,css,0b2bf368,akuppal,2025-04-11,18:32:33,-07:00,2025-04-11T18:32:33-07:00,0,16
styles.css,112,css,0b2bf368,akuppal,2025-04-11,18:32:33,-07:00,2025-04-11T18:32:33-07:00,0,18
styles.css,113,css,0b2bf368,akuppal,2025-04-11,18:32:33,-07:00,2025-04-11T18:32:33-07:00,0,0
styles.css,114,css,0b2bf368,akuppal,2025-04-11,18:32:33,-07:00,2025-04-11T18:32:33-07:00,0,0
styles.css,115,css,d4eb865d,akuppal,2025-04-18,21:12:29,-07:00,2025-04-18T21:12:29-07:00,0,19
styles.css,116,css,0b2bf368,akuppal,2025-04-11,18:32:33,-07:00,2025-04-11T18:32:33-07:00,0,25
styles.css,117,css,0b2bf368,akuppal,2025-04-11,18:32:33,-07:00,2025-04-11T18:32:33-07:00,0,12
styles.css,118,css,0b2bf368,akuppal,2025-04-11,18:32:33,-07:00,2025-04-11T18:32:33-07:00,0,20
styles.css,119,css,0b2bf368,akuppal,2025-04-11,18:32:33,-07:00,2025-04-11T18:32:33-07:00,0,15
styles.css,120,css,d4eb865d,akuppal,2025-04-18,21:12:29,-07:00,2025-04-18T21:12:29-07:00,0,3
styles.css,121,css,d4eb865d,akuppal,2025-04-18,21:12:29,-07:00,2025-04-18T21:12:29-07:00,0,16
styles.css,122,css,d4eb865d,akuppal,2025-04-18,21:12:29,-07:00,2025-04-18T21:12:29-07:00,0,24
styles.css,123,css,d4eb865d,akuppal,2025-04-18,21:12:29,-07:00,2025-04-18T21:12:29-07:00,0,17
styles.css,124,css,d4eb865d,akuppal,2025-04-18,21:12:29,-07:00,2025-04-18T21:12:29-07:00,0,12
styles.css,125,css,d4eb865d,akuppal,2025-04-18,21:12:29,-07:00,2025-04-18T21:12:29-07:00,0,20
styles.css,126,css,d4eb865d,akuppal,2025-04-18,21:12:29,-07:00,2025-04-18T21:12:29-07:00,0,15
styles.css,127,css,0b2bf368,akuppal,2025-04-11,18:32:33,-07:00,2025-04-11T18:32:33-07:00,0,0
styles.css,128,css,0b2bf368,akuppal,2025-04-11,18:32:33,-07:00,2025-04-11T18:32:33-07:00,0,0
styles.css,129,css,d4eb865d,akuppal,2025-04-18,21:12:29,-07:00,2025-04-18T21:12:29-07:00,0,14
styles.css,130,css,0b2bf368,akuppal,2025-04-11,18:32:33,-07:00,2025-04-11T18:32:33-07:00,0,25
styles.css,131,css,0b2bf368,akuppal,2025-04-11,18:32:33,-07:00,2025-04-11T18:32:33-07:00,0,12
styles.css,132,css,0b2bf368,akuppal,2025-04-11,18:32:33,-07:00,2025-04-11T18:32:33-07:00,0,20
styles.css,133,css,0b2bf368,akuppal,2025-04-11,18:32:33,-07:00,2025-04-11T18:32:33-07:00,0,15
styles.css,134,css,d4eb865d,akuppal,2025-04-18,21:12:29,-07:00,2025-04-18T21:12:29-07:00,0,3
styles.css,135,css,d4eb865d,akuppal,2025-04-18,21:12:29,-07:00,2025-04-18T21:12:29-07:00,0,11
styles.css,136,css,d4eb865d,akuppal,2025-04-18,21:12:29,-07:00,2025-04-18T21:12:29-07:00,0,24
styles.css,137,css,d4eb865d,akuppal,2025-04-18,21:12:29,-07:00,2025-04-18T21:12:29-07:00,0,17
styles.css,138,css,d4eb865d,akuppal,2025-04-18,21:12:29,-07:00,2025-04-18T21:12:29-07:00,0,12
styles.css,139,css,d4eb865d,akuppal,2025-04-18,21:12:29,-07:00,2025-04-18T21:12:29-07:00,0,20
styles.css,140,css,d4eb865d,akuppal,2025-04-18,21:12:29,-07:00,2025-04-18T21:12:29-07:00,0,15
styles.css,141,css,0b2bf368,akuppal,2025-04-11,18:32:33,-07:00,2025-04-11T18:32:33-07:00,0,0
styles.css,142,css,0b2bf368,akuppal,2025-04-11,18:32:33,-07:00,2025-04-11T18:32:33-07:00,0,0
styles.css,143,css,0b2bf368,akuppal,2025-04-11,18:32:33,-07:00,2025-04-11T18:32:33-07:00,0,13
styles.css,144,css,0b2bf368,akuppal,2025-04-11,18:32:33,-07:00,2025-04-11T18:32:33-07:00,0,18
styles.css,145,css,0b2bf368,akuppal,2025-04-11,18:32:33,-07:00,2025-04-11T18:32:33-07:00,0,11
styles.css,146,css,0b2bf368,akuppal,2025-04-11,18:32:33,-07:00,2025-04-11T18:32:33-07:00,0,21
styles.css,147,css,0b2bf368,akuppal,2025-04-11,18:32:33,-07:00,2025-04-11T18:32:33-07:00,0,20
styles.css,148,css,0b2bf368,akuppal,2025-04-11,18:32:33,-07:00,2025-04-11T18:32:33-07:00,0,0
styles.css,149,css,0b2bf368,akuppal,2025-04-11,18:32:33,-07:00,2025-04-11T18:32:33-07:00,0,0
styles.css,150,css,0b2bf368,akuppal,2025-04-11,18:32:33,-07:00,2025-04-11T18:32:33-07:00,0,20
styles.css,151,css,0b2bf368,akuppal,2025-04-11,18:32:33,-07:00,2025-04-11T18:32:33-07:00,0,21
styles.css,152,css,0b2bf368,akuppal,2025-04-11,18:32:33,-07:00,2025-04-11T18:32:33-07:00,0,25
styles.css,153,css,0b2bf368,akuppal,2025-04-11,18:32:33,-07:00,2025-04-11T18:32:33-07:00,0,20
styles.css,154,css,0b2bf368,akuppal,2025-04-11,18:32:33,-07:00,2025-04-11T18:32:33-07:00,0,20
styles.css,155,css,0b2bf368,akuppal,2025-04-11,18:32:33,-07:00,2025-04-11T18:32:33-07:00,0,13
styles.css,156,css,0b2bf368,akuppal,2025-04-11,18:32:33,-07:00,2025-04-11T18:32:33-07:00,0,18
styles.css,157,css,0b2bf368,akuppal,2025-04-11,18:32:33,-07:00,2025-04-11T18:32:33-07:00,0,40
styles.css,158,css,d4eb865d,akuppal,2025-04-18,21:12:29,-07:00,2025-04-18T21:12:29-07:00,0,0
styles.css,159,css,d4eb865d,akuppal,2025-04-18,21:12:29,-07:00,2025-04-18T21:12:29-07:00,0,0
styles.css,160,css,d4eb865d,akuppal,2025-04-18,21:12:29,-07:00,2025-04-18T21:12:29-07:00,0,5
styles.css,161,css,d4eb865d,akuppal,2025-04-18,21:12:29,-07:00,2025-04-18T21:12:29-07:00,0,24
styles.css,162,css,d4eb865d,akuppal,2025-04-18,21:12:29,-07:00,2025-04-18T21:12:29-07:00,0,0
styles.css,163,css,d4eb865d,akuppal,2025-04-18,21:12:29,-07:00,2025-04-18T21:12:29-07:00,0,0
styles.css,164,css,d4eb865d,akuppal,2025-04-18,21:12:29,-07:00,2025-04-18T21:12:29-07:00,0,4
styles.css,165,css,d4eb865d,akuppal,2025-04-18,21:12:29,-07:00,2025-04-18T21:12:29-07:00,0,40
styles.css,166,css,d4eb865d,akuppal,2025-04-18,21:12:29,-07:00,2025-04-18T21:12:29-07:00,0,44
styles.css,167,css,d4eb865d,akuppal,2025-04-18,21:12:29,-07:00,2025-04-18T21:12:29-07:00,0,24
styles.css,168,css,d4eb865d,akuppal,2025-04-18,21:12:29,-07:00,2025-04-18T21:12:29-07:00,0,0
styles.css,169,css,d4eb865d,akuppal,2025-04-18,21:12:29,-07:00,2025-04-18T21:12:29-07:00,0,0
styles.css,170,css,d4eb865d,akuppal,2025-04-18,21:12:29,-07:00,2025-04-18T21:12:29-07:00,0,0
styles.css,171,css,d4eb865d,akuppal,2025-04-18,21:12:29,-07:00,2025-04-18T21:12:29-07:00,0,14
styles.css,172,css,d4eb865d,akuppal,2025-04-18,21:12:29,-07:00,2025-04-18T21:12:29-07:00,0,18
styles.css,173,css,d4eb865d,akuppal,2025-04-18,21:12:29,-07:00,2025-04-18T21:12:29-07:00,0,9
styles.css,174,css,d4eb865d,akuppal,2025-04-18,21:12:29,-07:00,2025-04-18T21:12:29-07:00,0,11
styles.css,175,css,d4eb865d,akuppal,2025-04-18,21:12:29,-07:00,2025-04-18T21:12:29-07:00,0,14
styles.css,176,css,d4eb865d,akuppal,2025-04-18,21:12:29,-07:00,2025-04-18T21:12:29-07:00,0,20
styles.css,177,css,d4eb865d,akuppal,2025-04-18,21:12:29,-07:00,2025-04-18T21:12:29-07:00,0,16
styles.css,178,css,d4eb865d,akuppal,2025-04-18,21:12:29,-07:00,2025-04-18T21:12:29-07:00,0,12
styles.css,179,css,d4eb865d,akuppal,2025-04-18,21:12:29,-07:00,2025-04-18T21:12:29-07:00,0,14
styles.css,180,css,d4eb865d,akuppal,2025-04-18,21:12:29,-07:00,2025-04-18T21:12:29-07:00,0,12
styles.css,181,css,d4eb865d,akuppal,2025-04-18,21:12:29,-07:00,2025-04-18T21:12:29-07:00,0,13
styles.css,182,css,d4eb865d,akuppal,2025-04-18,21:12:29,-07:00,2025-04-18T21:12:29-07:00,0,19
styles.css,183,css,d4eb865d,akuppal,2025-04-18,21:12:29,-07:00,2025-04-18T21:12:29-07:00,0,10
styles.css,184,css,d4eb865d,akuppal,2025-04-18,21:12:29,-07:00,2025-04-18T21:12:29-07:00,0,0
styles.css,185,css,d4eb865d,akuppal,2025-04-18,21:12:29,-07:00,2025-04-18T21:12:29-07:00,0,0
styles.css,186,css,d4eb865d,akuppal,2025-04-18,21:12:29,-07:00,2025-04-18T21:12:29-07:00,0,21
styles.css,187,css,d4eb865d,akuppal,2025-04-18,21:12:29,-07:00,2025-04-18T21:12:29-07:00,0,20
styles.css,188,css,d4eb865d,akuppal,2025-04-18,21:12:29,-07:00,2025-04-18T21:12:29-07:00,0,14
styles.css,189,css,d4eb865d,akuppal,2025-04-18,21:12:29,-07:00,2025-04-18T21:12:29-07:00,0,0
styles.css,190,css,d4eb865d,akuppal,2025-04-18,21:12:29,-07:00,2025-04-18T21:12:29-07:00,0,0
styles.css,191,css,fd3c16d3,akuppal,2025-05-03,12:55:45,-07:00,2025-05-03T12:55:45-07:00,0,46
styles.css,192,css,fd3c16d3,akuppal,2025-05-03,12:55:45,-07:00,2025-05-03T12:55:45-07:00,0,10
styles.css,193,css,fd3c16d3,akuppal,2025-05-03,12:55:45,-07:00,2025-05-03T12:55:45-07:00,0,12
styles.css,194,css,fd3c16d3,akuppal,2025-05-03,12:55:45,-07:00,2025-05-03T12:55:45-07:00,0,22
styles.css,195,css,fd3c16d3,akuppal,2025-05-03,12:55:45,-07:00,2025-05-03T12:55:45-07:00,0,7
styles.css,196,css,fd3c16d3,akuppal,2025-05-03,12:55:45,-07:00,2025-05-03T12:55:45-07:00,0,12
styles.css,197,css,fd3c16d3,akuppal,2025-05-03,12:55:45,-07:00,2025-05-03T12:55:45-07:00,0,0
styles.css,198,css,fd3c16d3,akuppal,2025-05-03,12:55:45,-07:00,2025-05-03T12:55:45-07:00,0,18
styles.css,199,css,fd3c16d3,akuppal,2025-05-03,12:55:45,-07:00,2025-05-03T12:55:45-07:00,0,14
styles.css,200,css,fd3c16d3,akuppal,2025-05-03,12:55:45,-07:00,2025-05-03T12:55:45-07:00,0,13
styles.css,201,css,fd3c16d3,akuppal,2025-05-03,12:55:45,-07:00,2025-05-03T12:55:45-07:00,0,0
styles.css,202,css,fd3c16d3,akuppal,2025-05-03,12:55:45,-07:00,2025-05-03T12:55:45-07:00,0,7
styles.css,203,css,fd3c16d3,akuppal,2025-05-03,12:55:45,-07:00,2025-05-03T12:55:45-07:00,0,6
styles.css,204,css,fd3c16d3,akuppal,2025-05-03,12:55:45,-07:00,2025-05-03T12:55:45-07:00,0,12
styles.css,205,css,fd3c16d3,akuppal,2025-05-03,12:55:45,-07:00,2025-05-03T12:55:45-07:00,0,55
styles.css,206,css,fd3c16d3,akuppal,2025-05-03,12:55:45,-07:00,2025-05-03T12:55:45-07:00,0,7
styles.css,207,css,fd3c16d3,akuppal,2025-05-03,12:55:45,-07:00,2025-05-03T12:55:45-07:00,0,15
styles.css,208,css,fd3c16d3,akuppal,2025-05-03,12:55:45,-07:00,2025-05-03T12:55:45-07:00,0,11
styles.css,209,css,fd3c16d3,akuppal,2025-05-03,12:55:45,-07:00,2025-05-03T12:55:45-07:00,0,12
styles.css,210,css,fd3c16d3,akuppal,2025-05-03,12:55:45,-07:00,2025-05-03T12:55:45-07:00,0,37
styles.css,211,css,fd3c16d3,akuppal,2025-05-03,12:55:45,-07:00,2025-05-03T12:55:45-07:00,0,17
styles.css,212,css,fd3c16d3,akuppal,2025-05-03,12:55:45,-07:00,2025-05-03T12:55:45-07:00,0,21
styles.css,213,css,fd3c16d3,akuppal,2025-05-03,12:55:45,-07:00,2025-05-03T12:55:45-07:00,0,0
styles.css,214,css,fd3c16d3,akuppal,2025-05-03,12:55:45,-07:00,2025-05-03T12:55:45-07:00,0,12
styles.css,215,css,fd3c16d3,akuppal,2025-05-03,12:55:45,-07:00,2025-05-03T12:55:45-07:00,0,12
styles.css,216,css,fd3c16d3,akuppal,2025-05-03,12:55:45,-07:00,2025-05-03T12:55:45-07:00,0,18
styles.css,217,css,fd3c16d3,akuppal,2025-05-03,12:55:45,-07:00,2025-05-03T12:55:45-07:00,0,8
styles.css,218,css,fd3c16d3,akuppal,2025-05-03,12:55:45,-07:00,2025-05-03T12:55:45-07:00,0,0
styles.css,219,css,fd3c16d3,akuppal,2025-05-03,12:55:45,-07:00,2025-05-03T12:55:45-07:00,0,7
styles.css,220,css,fd3c16d3,akuppal,2025-05-03,12:55:45,-07:00,2025-05-03T12:55:45-07:00,0,9
styles.css,221,css,fd3c16d3,akuppal,2025-05-03,12:55:45,-07:00,2025-05-03T12:55:45-07:00,0,16
styles.css,222,css,fd3c16d3,akuppal,2025-05-03,12:55:45,-07:00,2025-05-03T12:55:45-07:00,0,17
styles.css,223,css,fd3c16d3,akuppal,2025-05-03,12:55:45,-07:00,2025-05-03T12:55:45-07:00,0,23
styles.css,224,css,fd3c16d3,akuppal,2025-05-03,12:55:45,-07:00,2025-05-03T12:55:45-07:00,0,0
styles.css,225,css,fd3c16d3,akuppal,2025-05-03,12:55:45,-07:00,2025-05-03T12:55:45-07:00,0,0
styles.css,226,css,fd3c16d3,akuppal,2025-05-03,12:55:45,-07:00,2025-05-03T12:55:45-07:00,0,40
styles.css,227,css,fd3c16d3,akuppal,2025-05-03,12:55:45,-07:00,2025-05-03T12:55:45-07:00,0,23
styles.css,228,css,fd3c16d3,akuppal,2025-05-03,12:55:45,-07:00,2025-05-03T12:55:45-07:00,0,14
styles.css,229,css,fd3c16d3,akuppal,2025-05-03,12:55:45,-07:00,2025-05-03T12:55:45-07:00,0,16
styles.css,230,css,fd3c16d3,akuppal,2025-05-03,12:55:45,-07:00,2025-05-03T12:55:45-07:00,0,60
styles.css,231,css,fd3c16d3,akuppal,2025-05-03,12:55:45,-07:00,2025-05-03T12:55:45-07:00,0,0
styles.css,232,css,fd3c16d3,akuppal,2025-05-03,12:55:45,-07:00,2025-05-03T12:55:45-07:00,0,0
styles.css,233,css,fd3c16d3,akuppal,2025-05-03,12:55:45,-07:00,2025-05-03T12:55:45-07:00,0,63
styles.css,234,css,fd3c16d3,akuppal,2025-05-03,12:55:45,-07:00,2025-05-03T12:55:45-07:00,0,32
styles.css,235,css,fd3c16d3,akuppal,2025-05-03,12:55:45,-07:00,2025-05-03T12:55:45-07:00,0,25
styles.css,236,css,fd3c16d3,akuppal,2025-05-03,12:55:45,-07:00,2025-05-03T12:55:45-07:00,0,16
styles.css,237,css,fd3c16d3,akuppal,2025-05-03,12:55:45,-07:00,2025-05-03T12:55:45-07:00,0,0
styles.css,238,css,fd3c16d3,akuppal,2025-05-03,12:55:45,-07:00,2025-05-03T12:55:45-07:00,0,0
styles.css,239,css,fd3c16d3,akuppal,2025-05-03,12:55:45,-07:00,2025-05-03T12:55:45-07:00,0,24
styles.css,240,css,fd3c16d3,akuppal,2025-05-03,12:55:45,-07:00,2025-05-03T12:55:45-07:00,0,29
styles.css,241,css,fd3c16d3,akuppal,2025-05-03,12:55:45,-07:00,2025-05-03T12:55:45-07:00,0,33
styles.css,242,css,fd3c16d3,akuppal,2025-05-03,12:55:45,-07:00,2025-05-03T12:55:45-07:00,0,0
styles.css,243,css,fd3c16d3,akuppal,2025-05-03,12:55:45,-07:00,2025-05-03T12:55:45-07:00,0,25
styles.css,244,css,fd3c16d3,akuppal,2025-05-03,12:55:45,-07:00,2025-05-03T12:55:45-07:00,0,21
styles.css,245,css,fd3c16d3,akuppal,2025-05-03,12:55:45,-07:00,2025-05-03T12:55:45-07:00,0,15
styles.css,246,css,fd3c16d3,akuppal,2025-05-03,12:55:45,-07:00,2025-05-03T12:55:45-07:00,0,25
styles.css,247,css,fd3c16d3,akuppal,2025-05-03,12:55:45,-07:00,2025-05-03T12:55:45-07:00,0,0
index.js,1,js,b588371f,akuppal,2025-04-25,22:25:45,-07:00,2025-04-25T22:25:45-07:00,0,58
index.js,2,js,b588371f,akuppal,2025-04-25,22:25:45,-07:00,2025-04-25T22:25:45-07:00,0,72
index.js,3,js,b588371f,akuppal,2025-04-25,22:25:45,-07:00,2025-04-25T22:25:45-07:00,0,0
index.js,4,js,b588371f,akuppal,2025-04-25,22:25:45,-07:00,2025-04-25T22:25:45-07:00,0,61
index.js,5,js,b588371f,akuppal,2025-04-25,22:25:45,-07:00,2025-04-25T22:25:45-07:00,0,0
index.js,6,js,b588371f,akuppal,2025-04-25,22:25:45,-07:00,2025-04-25T22:25:45-07:00,0,0
index.js,7,js,b588371f,akuppal,2025-04-25,22:25:45,-07:00,2025-04-25T22:25:45-07:00,0,0
index.js,8,js,b588371f,akuppal,2025-04-25,22:25:45,-07:00,2025-04-25T22:25:45-07:00,0,36
index.js,9,js,b588371f,akuppal,2025-04-25,22:25:45,-07:00,2025-04-25T22:25:45-07:00,0,55
index.js,10,js,b588371f,akuppal,2025-04-25,22:25:45,-07:00,2025-04-25T22:25:45-07:00,0,43
index.js,11,js,b588371f,akuppal,2025-04-25,22:25:45,-07:00,2025-04-25T22:25:45-07:00,0,0
index.js,12,js,b588371f,akuppal,2025-04-25,22:25:45,-07:00,2025-04-25T22:25:45-07:00,0,61
index.js,13,js,0629a999,akuppal,2025-04-26,12:46:57,-07:00,2025-04-26T12:46:57-07:00,0,32
index.js,14,js,b588371f,akuppal,2025-04-25,22:25:45,-07:00,2025-04-25T22:25:45-07:00,0,0
index.js,15,js,b588371f,akuppal,2025-04-25,22:25:45,-07:00,2025-04-25T22:25:45-07:00,0,38
index.js,16,js,b588371f,akuppal,2025-04-25,22:25:45,-07:00,2025-04-25T22:25:45-07:00,0,48
index.js,17,js,b588371f,akuppal,2025-04-25,22:25:45,-07:00,2025-04-25T22:25:45-07:00,0,0
index.js,18,js,b588371f,akuppal,2025-04-25,22:25:45,-07:00,2025-04-25T22:25:45-07:00,0,0
index.js,19,js,b588371f,akuppal,2025-04-25,22:25:45,-07:00,2025-04-25T22:25:45-07:00,0,0
index.js,20,js,b588371f,akuppal,2025-04-25,22:25:45,-07:00,2025-04-25T22:25:45-07:00,0,33
index.js,21,js,0629a999,akuppal,2025-04-26,12:46:57,-07:00,2025-04-26T12:46:57-07:00,0,32
index.js,22,js,b588371f,akuppal,2025-04-25,22:25:45,-07:00,2025-04-25T22:25:45-07:00,0,50
index.js,23,js,b588371f,akuppal,2025-04-25,22:25:45,-07:00,2025-04-25T22:25:45-07:00,0,0
index.js,24,js,b588371f,akuppal,2025-04-25,22:25:45,-07:00,2025-04-25T22:25:45-07:00,0,26
index.js,25,js,b588371f,akuppal,2025-04-25,22:25:45,-07:00,2025-04-25T22:25:45-07:00,0,25
index.js,26,js,b588371f,akuppal,2025-04-25,22:25:45,-07:00,2025-04-25T22:25:45-07:00,0,3
index.js,27,js,b588371f,akuppal,2025-04-25,22:25:45,-07:00,2025-04-25T22:25:45-07:00,0,50
index.js,28,js,b588371f,akuppal,2025-04-25,22:25:45,-07:00,2025-04-25T22:25:45-07:00,0,50
index.js,29,js,b588371f,akuppal,2025-04-25,22:25:45,-07:00,2025-04-25T22:25:45-07:00,0,44
index.js,30,js,b588371f,akuppal,2025-04-25,22:25:45,-07:00,2025-04-25T22:25:45-07:00,0,44
index.js,31,js,b588371f,akuppal,2025-04-25,22:25:45,-07:00,2025-04-25T22:25:45-07:00,0,4
index.js,32,js,b588371f,akuppal,2025-04-25,22:25:45,-07:00,2025-04-25T22:25:45-07:00,0,1
index.js,33,js,b588371f,akuppal,2025-04-25,22:25:45,-07:00,2025-04-25T22:25:45-07:00,0,0
index.js,34,js,b588371f,akuppal,2025-04-25,22:25:45,-07:00,2025-04-25T22:25:45-07:00,0,0
index.js,35,js,b588371f,akuppal,2025-04-25,22:25:45,-07:00,2025-04-25T22:25:45-07:00,0,0
index.js,36,js,b588371f,akuppal,2025-04-25,22:25:45,-07:00,2025-04-25T22:25:45-07:00,0,20
index.js,37,js,b588371f,akuppal,2025-04-25,22:25:45,-07:00,2025-04-25T22:25:45-07:00,0,17
index.html,1,html,53eb99d5,akuppal,2025-04-03,18:48:15,-07:00,2025-04-03T18:48:15-07:00,0,14
index.html,2,html,53eb99d5,akuppal,2025-04-03,18:48:15,-07:00,2025-04-03T18:48:15-07:00,0,15
index.html,3,html,90b8b157,akuppal,2025-04-04,16:42:54,-07:00,2025-04-04T16:42:54-07:00,0,5
index.html,4,html,b588371f,akuppal,2025-04-25,22:25:45,-07:00,2025-04-25T22:25:45-07:00,0,21
index.html,5,html,b588371f,akuppal,2025-04-25,22:25:45,-07:00,2025-04-25T22:25:45-07:00,0,69
index.html,6,html,b588371f,akuppal,2025-04-25,22:25:45,-07:00,2025-04-25T22:25:45-07:00,0,55
index.html,7,html,b588371f,akuppal,2025-04-25,22:25:45,-07:00,2025-04-25T22:25:45-07:00,0,56
index.html,8,html,90b8b157,akuppal,2025-04-04,16:42:54,-07:00,2025-04-04T16:42:54-07:00,0,6
index.html,9,html,90b8b157,akuppal,2025-04-04,16:42:54,-07:00,2025-04-04T16:42:54-07:00,0,5
index.html,10,html,90b8b157,akuppal,2025-04-04,16:42:54,-07:00,2025-04-04T16:42:54-07:00,0,0
index.html,11,html,b588371f,akuppal,2025-04-25,22:25:45,-07:00,2025-04-25T22:25:45-07:00,0,20
index.html,12,html,b588371f,akuppal,2025-04-25,22:25:45,-07:00,2025-04-25T22:25:45-07:00,0,124
index.html,13,html,b588371f,akuppal,2025-04-25,22:25:45,-07:00,2025-04-25T22:25:45-07:00,0,84
index.html,14,html,b588371f,akuppal,2025-04-25,22:25:45,-07:00,2025-04-25T22:25:45-07:00,0,53
index.html,15,html,90b8b157,akuppal,2025-04-04,16:42:54,-07:00,2025-04-04T16:42:54-07:00,0,0
index.html,16,html,b588371f,akuppal,2025-04-25,22:25:45,-07:00,2025-04-25T22:25:45-07:00,0,25
index.html,17,html,b588371f,akuppal,2025-04-25,22:25:45,-07:00,2025-04-25T22:25:45-07:00,0,23
index.html,18,html,b588371f,akuppal,2025-04-25,22:25:45,-07:00,2025-04-25T22:25:45-07:00,0,21
index.html,19,html,b588371f,akuppal,2025-04-25,22:25:45,-07:00,2025-04-25T22:25:45-07:00,0,49
index.html,20,html,b588371f,akuppal,2025-04-25,22:25:45,-07:00,2025-04-25T22:25:45-07:00,0,5
index.html,21,html,b588371f,akuppal,2025-04-25,22:25:45,-07:00,2025-04-25T22:25:45-07:00,0,0
index.html,22,html,b588371f,akuppal,2025-04-25,22:25:45,-07:00,2025-04-25T22:25:45-07:00,0,20
index.html,23,html,b588371f,akuppal,2025-04-25,22:25:45,-07:00,2025-04-25T22:25:45-07:00,0,29
index.html,24,html,b588371f,akuppal,2025-04-25,22:25:45,-07:00,2025-04-25T22:25:45-07:00,0,0
index.html,25,html,b588371f,akuppal,2025-04-25,22:25:45,-07:00,2025-04-25T22:25:45-07:00,0,0
index.html,26,html,b588371f,akuppal,2025-04-25,22:25:45,-07:00,2025-04-25T22:25:45-07:00,0,0
index.html,27,html,b588371f,akuppal,2025-04-25,22:25:45,-07:00,2025-04-25T22:25:45-07:00,0,0
index.html,28,html,b588371f,akuppal,2025-04-25,22:25:45,-07:00,2025-04-25T22:25:45-07:00,0,17
index.html,29,html,b588371f,akuppal,2025-04-25,22:25:45,-07:00,2025-04-25T22:25:45-07:00,0,52
index.html,30,html,b588371f,akuppal,2025-04-25,22:25:45,-07:00,2025-04-25T22:25:45-07:00,0,51
index.html,31,html,d4eb865d,akuppal,2025-04-18,21:12:29,-07:00,2025-04-18T21:12:29-07:00,0,0
index.html,32,html,53eb99d5,akuppal,2025-04-03,18:48:15,-07:00,2025-04-03T18:48:15-07:00,0,6
index.html,33,html,b588371f,akuppal,2025-04-25,22:25:45,-07:00,2025-04-25T22:25:45-07:00,0,6
global.js,1,js,fd3c16d3,akuppal,2025-05-03,12:55:45,-07:00,2025-05-03T12:55:45-07:00,0,54
global.js,2,js,fd3c16d3,akuppal,2025-05-03,12:55:45,-07:00,2025-05-03T12:55:45-07:00,0,52
global.js,3,js,fd3c16d3,akuppal,2025-05-03,12:55:45,-07:00,2025-05-03T12:55:45-07:00,0,54
global.js,4,js,d4eb865d,akuppal,2025-04-18,21:12:29,-07:00,2025-04-18T21:12:29-07:00,0,26
global.js,5,js,fd3c16d3,akuppal,2025-05-03,12:55:45,-07:00,2025-05-03T12:55:45-07:00,0,19
global.js,6,js,fd3c16d3,akuppal,2025-05-03,12:55:45,-07:00,2025-05-03T12:55:45-07:00,0,58
global.js,7,js,fd3c16d3,akuppal,2025-05-03,12:55:45,-07:00,2025-05-03T12:55:45-07:00,0,38
global.js,8,js,fd3c16d3,akuppal,2025-05-03,12:55:45,-07:00,2025-05-03T12:55:45-07:00,0,16
global.js,9,js,fd3c16d3,akuppal,2025-05-03,12:55:45,-07:00,2025-05-03T12:55:45-07:00,0,52
global.js,10,js,fd3c16d3,akuppal,2025-05-03,12:55:45,-07:00,2025-05-03T12:55:45-07:00,0,0
global.js,11,js,fd3c16d3,akuppal,2025-05-03,12:55:45,-07:00,2025-05-03T12:55:45-07:00,0,10
global.js,12,js,d4eb865d,akuppal,2025-04-18,21:12:29,-07:00,2025-04-18T21:12:29-07:00,0,0
global.js,13,js,d4eb865d,akuppal,2025-04-18,21:12:29,-07:00,2025-04-18T21:12:29-07:00,0,0
global.js,14,js,33e090e0,akuppal,2025-05-03,13:01:42,-07:00,2025-05-03T13:01:42-07:00,0,22
global.js,15,js,fd3c16d3,akuppal,2025-05-03,12:55:45,-07:00,2025-05-03T12:55:45-07:00,0,14
global.js,16,js,fd3c16d3,akuppal,2025-05-03,12:55:45,-07:00,2025-05-03T12:55:45-07:00,0,36
global.js,17,js,fd3c16d3,akuppal,2025-05-03,12:55:45,-07:00,2025-05-03T12:55:45-07:00,0,40
global.js,18,js,fd3c16d3,akuppal,2025-05-03,12:55:45,-07:00,2025-05-03T12:55:45-07:00,0,39
global.js,19,js,fd3c16d3,akuppal,2025-05-03,12:55:45,-07:00,2025-05-03T12:55:45-07:00,0,38
global.js,20,js,00000000,Not Committed Yet,2025-05-09,17:32:38,-07:00,2025-05-09T17:32:38-07:00,0,30
global.js,21,js,d4eb865d,akuppal,2025-04-18,21:12:29,-07:00,2025-04-18T21:12:29-07:00,0,1
global.js,22,js,d4eb865d,akuppal,2025-04-18,21:12:29,-07:00,2025-04-18T21:12:29-07:00,0,0
global.js,23,js,fd3c16d3,akuppal,2025-05-03,12:55:45,-07:00,2025-05-03T12:55:45-07:00,0,42
global.js,24,js,fd3c16d3,akuppal,2025-05-03,12:55:45,-07:00,2025-05-03T12:55:45-07:00,0,53
global.js,25,js,fd3c16d3,akuppal,2025-05-03,12:55:45,-07:00,2025-05-03T12:55:45-07:00,0,0
global.js,26,js,fd3c16d3,akuppal,2025-05-03,12:55:45,-07:00,2025-05-03T12:55:45-07:00,0,0
global.js,27,js,fd3c16d3,akuppal,2025-05-03,12:55:45,-07:00,2025-05-03T12:55:45-07:00,0,41
global.js,28,js,d4eb865d,akuppal,2025-04-18,21:12:29,-07:00,2025-04-18T21:12:29-07:00,0,26
global.js,29,js,d4eb865d,akuppal,2025-04-18,21:12:29,-07:00,2025-04-18T21:12:29-07:00,0,0
global.js,30,js,fd3c16d3,akuppal,2025-05-03,12:55:45,-07:00,2025-05-03T12:55:45-07:00,0,23
global.js,31,js,fd3c16d3,akuppal,2025-05-03,12:55:45,-07:00,2025-05-03T12:55:45-07:00,0,37
global.js,32,js,d4eb865d,akuppal,2025-04-18,21:12:29,-07:00,2025-04-18T21:12:29-07:00,0,0
global.js,33,js,fd3c16d3,akuppal,2025-05-03,12:55:45,-07:00,2025-05-03T12:55:45-07:00,0,53
global.js,34,js,d4eb865d,akuppal,2025-04-18,21:12:29,-07:00,2025-04-18T21:12:29-07:00,0,0
global.js,35,js,fd3c16d3,akuppal,2025-05-03,12:55:45,-07:00,2025-05-03T12:55:45-07:00,0,23
global.js,36,js,d4eb865d,akuppal,2025-04-18,21:12:29,-07:00,2025-04-18T21:12:29-07:00,0,0
global.js,37,js,fd3c16d3,akuppal,2025-05-03,12:55:45,-07:00,2025-05-03T12:55:45-07:00,0,24
global.js,38,js,d4eb865d,akuppal,2025-04-18,21:12:29,-07:00,2025-04-18T21:12:29-07:00,0,18
global.js,39,js,fd3c16d3,akuppal,2025-05-03,12:55:45,-07:00,2025-05-03T12:55:45-07:00,0,9
global.js,40,js,fd3c16d3,akuppal,2025-05-03,12:55:45,-07:00,2025-05-03T12:55:45-07:00,0,45
global.js,41,js,d4eb865d,akuppal,2025-04-18,21:12:29,-07:00,2025-04-18T21:12:29-07:00,0,1
global.js,42,js,d4eb865d,akuppal,2025-04-18,21:12:29,-07:00,2025-04-18T21:12:29-07:00,0,0
global.js,43,js,fd3c16d3,akuppal,2025-05-03,12:55:45,-07:00,2025-05-03T12:55:45-07:00,0,67
global.js,44,js,d4eb865d,akuppal,2025-04-18,21:12:29,-07:00,2025-04-18T21:12:29-07:00,0,0
global.js,45,js,d4eb865d,akuppal,2025-04-18,21:12:29,-07:00,2025-04-18T21:12:29-07:00,0,13
global.js,46,js,d4eb865d,akuppal,2025-04-18,21:12:29,-07:00,2025-04-18T21:12:29-07:00,0,0
global.js,47,js,d4eb865d,akuppal,2025-04-18,21:12:29,-07:00,2025-04-18T21:12:29-07:00,0,0
global.js,48,js,d4eb865d,akuppal,2025-04-18,21:12:29,-07:00,2025-04-18T21:12:29-07:00,0,0
global.js,49,js,d4eb865d,akuppal,2025-04-18,21:12:29,-07:00,2025-04-18T21:12:29-07:00,0,32
global.js,50,js,fd3c16d3,akuppal,2025-05-03,12:55:45,-07:00,2025-05-03T12:55:45-07:00,0,12
global.js,51,js,fd3c16d3,akuppal,2025-05-03,12:55:45,-07:00,2025-05-03T12:55:45-07:00,0,0
global.js,52,js,fd3c16d3,akuppal,2025-05-03,12:55:45,-07:00,2025-05-03T12:55:45-07:00,0,27
global.js,53,js,fd3c16d3,akuppal,2025-05-03,12:55:45,-07:00,2025-05-03T12:55:45-07:00,0,5
global.js,54,js,fd3c16d3,akuppal,2025-05-03,12:55:45,-07:00,2025-05-03T12:55:45-07:00,0,25
global.js,55,js,fd3c16d3,akuppal,2025-05-03,12:55:45,-07:00,2025-05-03T12:55:45-07:00,0,44
global.js,56,js,fd3c16d3,akuppal,2025-05-03,12:55:45,-07:00,2025-05-03T12:55:45-07:00,0,35
global.js,57,js,fd3c16d3,akuppal,2025-05-03,12:55:45,-07:00,2025-05-03T12:55:45-07:00,0,33
global.js,58,js,fd3c16d3,akuppal,2025-05-03,12:55:45,-07:00,2025-05-03T12:55:45-07:00,0,8
global.js,59,js,fd3c16d3,akuppal,2025-05-03,12:55:45,-07:00,2025-05-03T12:55:45-07:00,0,7
global.js,60,js,fd3c16d3,akuppal,2025-05-03,12:55:45,-07:00,2025-05-03T12:55:45-07:00,0,0
global.js,61,js,fd3c16d3,akuppal,2025-05-03,12:55:45,-07:00,2025-05-03T12:55:45-07:00,0,1
global.js,62,js,fd3c16d3,akuppal,2025-05-03,12:55:45,-07:00,2025-05-03T12:55:45-07:00,0,0
global.js,63,js,fd3c16d3,akuppal,2025-05-03,12:55:45,-07:00,2025-05-03T12:55:45-07:00,0,61
global.js,64,js,d4eb865d,akuppal,2025-04-18,21:12:29,-07:00,2025-04-18T21:12:29-07:00,0,0
global.js,65,js,fd3c16d3,akuppal,2025-05-03,12:55:45,-07:00,2025-05-03T12:55:45-07:00,0,35
global.js,66,js,fd3c16d3,akuppal,2025-05-03,12:55:45,-07:00,2025-05-03T12:55:45-07:00,0,38
global.js,67,js,fd3c16d3,akuppal,2025-05-03,12:55:45,-07:00,2025-05-03T12:55:45-07:00,0,65
global.js,68,js,fd3c16d3,akuppal,2025-05-03,12:55:45,-07:00,2025-05-03T12:55:45-07:00,0,20
global.js,69,js,fd3c16d3,akuppal,2025-05-03,12:55:45,-07:00,2025-05-03T12:55:45-07:00,0,0
global.js,70,js,d4eb865d,akuppal,2025-04-18,21:12:29,-07:00,2025-04-18T21:12:29-07:00,0,0
global.js,71,js,fd3c16d3,akuppal,2025-05-03,12:55:45,-07:00,2025-05-03T12:55:45-07:00,0,40
global.js,72,js,fd3c16d3,akuppal,2025-05-03,12:55:45,-07:00,2025-05-03T12:55:45-07:00,0,29
global.js,73,js,fd3c16d3,akuppal,2025-05-03,12:55:45,-07:00,2025-05-03T12:55:45-07:00,0,46
global.js,74,js,fd3c16d3,akuppal,2025-05-03,12:55:45,-07:00,2025-05-03T12:55:45-07:00,0,66
global.js,75,js,1cc5a0ea,akuppal,2025-05-03,13:11:27,-07:00,2025-05-03T13:11:27-07:00,0,33
global.js,76,js,d4eb865d,akuppal,2025-04-18,21:12:29,-07:00,2025-04-18T21:12:29-07:00,0,2
global.js,77,js,d4eb865d,akuppal,2025-04-18,21:12:29,-07:00,2025-04-18T21:12:29-07:00,0,0
global.js,78,js,b588371f,akuppal,2025-04-25,22:25:45,-07:00,2025-04-25T22:25:45-07:00,0,0
global.js,79,js,fd3c16d3,akuppal,2025-05-03,12:55:45,-07:00,2025-05-03T12:55:45-07:00,0,37
global.js,80,js,d3cad2bf,akuppal,2025-04-25,22:28:48,-07:00,2025-04-25T22:28:48-07:00,0,4
global.js,81,js,fd3c16d3,akuppal,2025-05-03,12:55:45,-07:00,2025-05-03T12:55:45-07:00,0,29
global.js,82,js,fd3c16d3,akuppal,2025-05-03,12:55:45,-07:00,2025-05-03T12:55:45-07:00,0,68
global.js,83,js,fd3c16d3,akuppal,2025-05-03,12:55:45,-07:00,2025-05-03T12:55:45-07:00,0,24
global.js,84,js,fd3c16d3,akuppal,2025-05-03,12:55:45,-07:00,2025-05-03T12:55:45-07:00,0,14
global.js,85,js,fd3c16d3,akuppal,2025-05-03,12:55:45,-07:00,2025-05-03T12:55:45-07:00,0,42
global.js,86,js,fd3c16d3,akuppal,2025-05-03,12:55:45,-07:00,2025-05-03T12:55:45-07:00,0,0
global.js,87,js,fd3c16d3,akuppal,2025-05-03,12:55:45,-07:00,2025-05-03T12:55:45-07:00,0,0
global.js,88,js,d3cad2bf,akuppal,2025-04-25,22:28:48,-07:00,2025-04-25T22:28:48-07:00,0,0
global.js,89,js,fd3c16d3,akuppal,2025-05-03,12:55:45,-07:00,2025-05-03T12:55:45-07:00,0,79
global.js,90,js,fd3c16d3,akuppal,2025-05-03,12:55:45,-07:00,2025-05-03T12:55:45-07:00,0,49
global.js,91,js,fd3c16d3,akuppal,2025-05-03,12:55:45,-07:00,2025-05-03T12:55:45-07:00,0,20
global.js,92,js,fd3c16d3,akuppal,2025-05-03,12:55:45,-07:00,2025-05-03T12:55:45-07:00,0,50
global.js,93,js,fd3c16d3,akuppal,2025-05-03,12:55:45,-07:00,2025-05-03T12:55:45-07:00,0,50
global.js,94,js,fd3c16d3,akuppal,2025-05-03,12:55:45,-07:00,2025-05-03T12:55:45-07:00,0,4
global.js,95,js,fd3c16d3,akuppal,2025-05-03,12:55:45,-07:00,2025-05-03T12:55:45-07:00,0,28
global.js,96,js,fd3c16d3,akuppal,2025-05-03,12:55:45,-07:00,2025-05-03T12:55:45-07:00,0,9
global.js,97,js,fd3c16d3,akuppal,2025-05-03,12:55:45,-07:00,2025-05-03T12:55:45-07:00,0,18
global.js,98,js,fd3c16d3,akuppal,2025-05-03,12:55:45,-07:00,2025-05-03T12:55:45-07:00,0,11
global.js,99,js,fd3c16d3,akuppal,2025-05-03,12:55:45,-07:00,2025-05-03T12:55:45-07:00,0,31
global.js,100,js,fd3c16d3,akuppal,2025-05-03,12:55:45,-07:00,2025-05-03T12:55:45-07:00,0,35
global.js,101,js,fd3c16d3,akuppal,2025-05-03,12:55:45,-07:00,2025-05-03T12:55:45-07:00,0,1
global.js,102,js,fd3c16d3,akuppal,2025-05-03,12:55:45,-07:00,2025-05-03T12:55:45-07:00,0,17
global.js,103,js,fd3c16d3,akuppal,2025-05-03,12:55:45,-07:00,2025-05-03T12:55:45-07:00,0,3
global.js,104,js,fd3c16d3,akuppal,2025-05-03,12:55:45,-07:00,2025-05-03T12:55:45-07:00,0,5
global.js,105,js,fd3c16d3,akuppal,2025-05-03,12:55:45,-07:00,2025-05-03T12:55:45-07:00,0,1
global.js,106,js,fd3c16d3,akuppal,2025-05-03,12:55:45,-07:00,2025-05-03T12:55:45-07:00,0,37
global.js,107,js,fd3c16d3,akuppal,2025-05-03,12:55:45,-07:00,2025-05-03T12:55:45-07:00,0,0
global.js,108,js,d3cad2bf,akuppal,2025-04-25,22:28:48,-07:00,2025-04-25T22:28:48-07:00,0,0
global.js,109,js,d3cad2bf,akuppal,2025-04-25,22:28:48,-07:00,2025-04-25T22:28:48-07:00,0,0
global.js,110,js,fd3c16d3,akuppal,2025-05-03,12:55:45,-07:00,2025-05-03T12:55:45-07:00,0,48
global.js,111,js,fd3c16d3,akuppal,2025-05-03,12:55:45,-07:00,2025-05-03T12:55:45-07:00,0,4
global.js,112,js,fd3c16d3,akuppal,2025-05-03,12:55:45,-07:00,2025-05-03T12:55:45-07:00,0,68
global.js,113,js,fd3c16d3,akuppal,2025-05-03,12:55:45,-07:00,2025-05-03T12:55:45-07:00,0,69
global.js,114,js,fd3c16d3,akuppal,2025-05-03,12:55:45,-07:00,2025-05-03T12:55:45-07:00,0,24
global.js,115,js,fd3c16d3,akuppal,2025-05-03,12:55:45,-07:00,2025-05-03T12:55:45-07:00,0,14
global.js,116,js,fd3c16d3,akuppal,2025-05-03,12:55:45,-07:00,2025-05-03T12:55:45-07:00,0,49
global.js,117,js,b588371f,akuppal,2025-04-25,22:25:45,-07:00,2025-04-25T22:25:45-07:00,0,0
global.js,118,js,d3cad2bf,akuppal,2025-04-25,22:28:48,-07:00,2025-04-25T22:28:48-07:00,0,0
resume/index.html,1,html,f271133f,akuppal,2025-04-04,17:00:09,-07:00,2025-04-04T17:00:09-07:00,0,14
resume/index.html,2,html,f271133f,akuppal,2025-04-04,17:00:09,-07:00,2025-04-04T17:00:09-07:00,0,15
resume/index.html,3,html,f271133f,akuppal,2025-04-04,17:00:09,-07:00,2025-04-04T17:00:09-07:00,0,5
resume/index.html,4,html,f271133f,akuppal,2025-04-04,17:00:09,-07:00,2025-04-04T17:00:09-07:00,0,21
resume/index.html,5,html,f271133f,akuppal,2025-04-04,17:00:09,-07:00,2025-04-04T17:00:09-07:00,0,16
resume/index.html,6,html,0b2bf368,akuppal,2025-04-11,18:32:33,-07:00,2025-04-11T18:32:33-07:00,0,59
resume/index.html,7,html,f271133f,akuppal,2025-04-04,17:00:09,-07:00,2025-04-04T17:00:09-07:00,0,6
resume/index.html,8,html,0b2bf368,akuppal,2025-04-11,18:32:33,-07:00,2025-04-11T18:32:33-07:00,0,20
resume/index.html,9,html,f271133f,akuppal,2025-04-04,17:00:09,-07:00,2025-04-04T17:00:09-07:00,0,0
resume/index.html,10,html,f271133f,akuppal,2025-04-04,17:00:09,-07:00,2025-04-04T17:00:09-07:00,0,14
resume/index.html,11,html,f271133f,akuppal,2025-04-04,17:00:09,-07:00,2025-04-04T17:00:09-07:00,0,0
resume/index.html,12,html,f271133f,akuppal,2025-04-04,17:00:09,-07:00,2025-04-04T17:00:09-07:00,0,8
resume/index.html,13,html,f271133f,akuppal,2025-04-04,17:00:09,-07:00,2025-04-04T17:00:09-07:00,0,7
resume/index.html,14,html,f271133f,akuppal,2025-04-04,17:00:09,-07:00,2025-04-04T17:00:09-07:00,0,17
resume/index.html,15,html,f271133f,akuppal,2025-04-04,17:00:09,-07:00,2025-04-04T17:00:09-07:00,0,8
resume/index.html,16,html,f271133f,akuppal,2025-04-04,17:00:09,-07:00,2025-04-04T17:00:09-07:00,0,8
resume/index.html,17,html,f271133f,akuppal,2025-04-04,17:00:09,-07:00,2025-04-04T17:00:09-07:00,0,12
resume/index.html,18,html,f271133f,akuppal,2025-04-04,17:00:09,-07:00,2025-04-04T17:00:09-07:00,0,26
resume/index.html,19,html,f271133f,akuppal,2025-04-04,17:00:09,-07:00,2025-04-04T17:00:09-07:00,0,89
resume/index.html,20,html,f271133f,akuppal,2025-04-04,17:00:09,-07:00,2025-04-04T17:00:09-07:00,0,9
resume/index.html,21,html,f271133f,akuppal,2025-04-04,17:00:09,-07:00,2025-04-04T17:00:09-07:00,0,9
resume/index.html,22,html,f271133f,akuppal,2025-04-04,17:00:09,-07:00,2025-04-04T17:00:09-07:00,0,0
resume/index.html,23,html,f271133f,akuppal,2025-04-04,17:00:09,-07:00,2025-04-04T17:00:09-07:00,0,8
resume/index.html,24,html,f271133f,akuppal,2025-04-04,17:00:09,-07:00,2025-04-04T17:00:09-07:00,0,7
resume/index.html,25,html,f271133f,akuppal,2025-04-04,17:00:09,-07:00,2025-04-04T17:00:09-07:00,0,18
resume/index.html,26,html,f271133f,akuppal,2025-04-04,17:00:09,-07:00,2025-04-04T17:00:09-07:00,0,8
resume/index.html,27,html,f271133f,akuppal,2025-04-04,17:00:09,-07:00,2025-04-04T17:00:09-07:00,0,8
resume/index.html,28,html,f271133f,akuppal,2025-04-04,17:00:09,-07:00,2025-04-04T17:00:09-07:00,0,51
resume/index.html,29,html,f271133f,akuppal,2025-04-04,17:00:09,-07:00,2025-04-04T17:00:09-07:00,0,86
resume/index.html,30,html,f271133f,akuppal,2025-04-04,17:00:09,-07:00,2025-04-04T17:00:09-07:00,0,47
resume/index.html,31,html,f271133f,akuppal,2025-04-04,17:00:09,-07:00,2025-04-04T17:00:09-07:00,0,9
resume/index.html,32,html,f271133f,akuppal,2025-04-04,17:00:09,-07:00,2025-04-04T17:00:09-07:00,0,9
resume/index.html,33,html,f271133f,akuppal,2025-04-04,17:00:09,-07:00,2025-04-04T17:00:09-07:00,0,0
resume/index.html,34,html,0b2bf368,akuppal,2025-04-11,18:32:33,-07:00,2025-04-11T18:32:33-07:00,0,25
resume/index.html,35,html,f271133f,akuppal,2025-04-04,17:00:09,-07:00,2025-04-04T17:00:09-07:00,0,7
resume/index.html,36,html,f271133f,akuppal,2025-04-04,17:00:09,-07:00,2025-04-04T17:00:09-07:00,0,14
resume/index.html,37,html,f271133f,akuppal,2025-04-04,17:00:09,-07:00,2025-04-04T17:00:09-07:00,0,8
resume/index.html,38,html,f271133f,akuppal,2025-04-04,17:00:09,-07:00,2025-04-04T17:00:09-07:00,0,3
resume/index.html,39,html,f271133f,akuppal,2025-04-04,17:00:09,-07:00,2025-04-04T17:00:09-07:00,0,26
resume/index.html,40,html,f271133f,akuppal,2025-04-04,17:00:09,-07:00,2025-04-04T17:00:09-07:00,0,37
resume/index.html,41,html,f271133f,akuppal,2025-04-04,17:00:09,-07:00,2025-04-04T17:00:09-07:00,0,39
resume/index.html,42,html,f271133f,akuppal,2025-04-04,17:00:09,-07:00,2025-04-04T17:00:09-07:00,0,4
resume/index.html,43,html,f271133f,akuppal,2025-04-04,17:00:09,-07:00,2025-04-04T17:00:09-07:00,0,9
resume/index.html,44,html,f271133f,akuppal,2025-04-04,17:00:09,-07:00,2025-04-04T17:00:09-07:00,0,0
resume/index.html,45,html,0b2bf368,akuppal,2025-04-11,18:32:33,-07:00,2025-04-11T18:32:33-07:00,0,29
resume/index.html,46,html,f271133f,akuppal,2025-04-04,17:00:09,-07:00,2025-04-04T17:00:09-07:00,0,7
resume/index.html,47,html,f271133f,akuppal,2025-04-04,17:00:09,-07:00,2025-04-04T17:00:09-07:00,0,13
resume/index.html,48,html,f271133f,akuppal,2025-04-04,17:00:09,-07:00,2025-04-04T17:00:09-07:00,0,8
resume/index.html,49,html,f271133f,akuppal,2025-04-04,17:00:09,-07:00,2025-04-04T17:00:09-07:00,0,3
resume/index.html,50,html,f271133f,akuppal,2025-04-04,17:00:09,-07:00,2025-04-04T17:00:09-07:00,0,94
resume/index.html,51,html,f271133f,akuppal,2025-04-04,17:00:09,-07:00,2025-04-04T17:00:09-07:00,0,71
resume/index.html,52,html,f271133f,akuppal,2025-04-04,17:00:09,-07:00,2025-04-04T17:00:09-07:00,0,4
resume/index.html,53,html,f271133f,akuppal,2025-04-04,17:00:09,-07:00,2025-04-04T17:00:09-07:00,0,9
resume/index.html,54,html,f271133f,akuppal,2025-04-04,17:00:09,-07:00,2025-04-04T17:00:09-07:00,0,0
resume/index.html,55,html,d4eb865d,akuppal,2025-04-18,21:12:29,-07:00,2025-04-18T21:12:29-07:00,0,49
resume/index.html,56,html,d4eb865d,akuppal,2025-04-18,21:12:29,-07:00,2025-04-18T21:12:29-07:00,0,0
resume/index.html,57,html,f271133f,akuppal,2025-04-04,17:00:09,-07:00,2025-04-04T17:00:09-07:00,0,6
resume/index.html,58,html,f271133f,akuppal,2025-04-04,17:00:09,-07:00,2025-04-04T17:00:09-07:00,0,6
projects/projects.js,1,js,b588371f,akuppal,2025-04-25,22:25:45,-07:00,2025-04-25T22:25:45-07:00,0,56
projects/projects.js,2,js,fd3c16d3,akuppal,2025-05-03,12:55:45,-07:00,2025-05-03T12:55:45-07:00,0,64
projects/projects.js,3,js,b588371f,akuppal,2025-04-25,22:25:45,-07:00,2025-04-25T22:25:45-07:00,0,0
projects/projects.js,4,js,1cc5a0ea,akuppal,2025-05-03,13:11:27,-07:00,2025-05-03T13:11:27-07:00,0,0
projects/projects.js,5,js,33e090e0,akuppal,2025-05-03,13:01:42,-07:00,2025-05-03T13:01:42-07:00,0,14
projects/projects.js,6,js,33e090e0,akuppal,2025-05-03,13:01:42,-07:00,2025-05-03T13:01:42-07:00,0,22
projects/projects.js,7,js,fd3c16d3,akuppal,2025-05-03,12:55:45,-07:00,2025-05-03T12:55:45-07:00,0,0
projects/projects.js,8,js,b588371f,akuppal,2025-04-25,22:25:45,-07:00,2025-04-25T22:25:45-07:00,0,30
projects/projects.js,9,js,fd3c16d3,akuppal,2025-05-03,12:55:45,-07:00,2025-05-03T12:55:45-07:00,0,59
projects/projects.js,10,js,b588371f,akuppal,2025-04-25,22:25:45,-07:00,2025-04-25T22:25:45-07:00,0,0
projects/projects.js,11,js,fd3c16d3,akuppal,2025-05-03,12:55:45,-07:00,2025-05-03T12:55:45-07:00,0,19
projects/projects.js,12,js,b588371f,akuppal,2025-04-25,22:25:45,-07:00,2025-04-25T22:25:45-07:00,0,0
projects/projects.js,13,js,fd3c16d3,akuppal,2025-05-03,12:55:45,-07:00,2025-05-03T12:55:45-07:00,0,35
projects/projects.js,14,js,fd3c16d3,akuppal,2025-05-03,12:55:45,-07:00,2025-05-03T12:55:45-07:00,0,32
projects/projects.js,15,js,fd3c16d3,akuppal,2025-05-03,12:55:45,-07:00,2025-05-03T12:55:45-07:00,0,43
projects/projects.js,16,js,33e090e0,akuppal,2025-05-03,13:01:42,-07:00,2025-05-03T13:01:42-07:00,0,18
projects/projects.js,17,js,fd3c16d3,akuppal,2025-05-03,12:55:45,-07:00,2025-05-03T12:55:45-07:00,0,19
projects/projects.js,18,js,fd3c16d3,akuppal,2025-05-03,12:55:45,-07:00,2025-05-03T12:55:45-07:00,0,2
projects/projects.js,19,js,b588371f,akuppal,2025-04-25,22:25:45,-07:00,2025-04-25T22:25:45-07:00,0,0
projects/projects.js,20,js,b588371f,akuppal,2025-04-25,22:25:45,-07:00,2025-04-25T22:25:45-07:00,0,0
projects/projects.js,21,js,b588371f,akuppal,2025-04-25,22:25:45,-07:00,2025-04-25T22:25:45-07:00,0,14
projects/projects.js,22,js,fd3c16d3,akuppal,2025-05-03,12:55:45,-07:00,2025-05-03T12:55:45-07:00,0,0
projects/projects.js,23,js,33e090e0,akuppal,2025-05-03,13:01:42,-07:00,2025-05-03T13:01:42-07:00,0,0
projects/projects.js,24,js,fd3c16d3,akuppal,2025-05-03,12:55:45,-07:00,2025-05-03T12:55:45-07:00,0,29
projects/projects.js,25,js,fd3c16d3,akuppal,2025-05-03,12:55:45,-07:00,2025-05-03T12:55:45-07:00,0,31
projects/projects.js,26,js,fd3c16d3,akuppal,2025-05-03,12:55:45,-07:00,2025-05-03T12:55:45-07:00,0,38
projects/projects.js,27,js,fd3c16d3,akuppal,2025-05-03,12:55:45,-07:00,2025-05-03T12:55:45-07:00,0,39
projects/projects.js,28,js,fd3c16d3,akuppal,2025-05-03,12:55:45,-07:00,2025-05-03T12:55:45-07:00,0,39
projects/projects.js,29,js,fd3c16d3,akuppal,2025-05-03,12:55:45,-07:00,2025-05-03T12:55:45-07:00,0,50
projects/projects.js,30,js,fd3c16d3,akuppal,2025-05-03,12:55:45,-07:00,2025-05-03T12:55:45-07:00,0,1
projects/projects.js,31,js,fd3c16d3,akuppal,2025-05-03,12:55:45,-07:00,2025-05-03T12:55:45-07:00,0,0
projects/projects.js,32,js,33e090e0,akuppal,2025-05-03,13:01:42,-07:00,2025-05-03T13:01:42-07:00,0,0
projects/projects.js,33,js,fd3c16d3,akuppal,2025-05-03,12:55:45,-07:00,2025-05-03T12:55:45-07:00,0,52
projects/projects.js,34,js,fd3c16d3,akuppal,2025-05-03,12:55:45,-07:00,2025-05-03T12:55:45-07:00,0,23
projects/projects.js,35,js,fd3c16d3,akuppal,2025-05-03,12:55:45,-07:00,2025-05-03T12:55:45-07:00,0,55
projects/projects.js,36,js,fd3c16d3,akuppal,2025-05-03,12:55:45,-07:00,2025-05-03T12:55:45-07:00,0,40
projects/projects.js,37,js,fd3c16d3,akuppal,2025-05-03,12:55:45,-07:00,2025-05-03T12:55:45-07:00,0,45
projects/projects.js,38,js,fd3c16d3,akuppal,2025-05-03,12:55:45,-07:00,2025-05-03T12:55:45-07:00,0,0
projects/projects.js,39,js,33e090e0,akuppal,2025-05-03,13:01:42,-07:00,2025-05-03T13:01:42-07:00,0,0
projects/projects.js,40,js,33e090e0,akuppal,2025-05-03,13:01:42,-07:00,2025-05-03T13:01:42-07:00,0,52
projects/projects.js,41,js,fd3c16d3,akuppal,2025-05-03,12:55:45,-07:00,2025-05-03T12:55:45-07:00,0,44
projects/projects.js,42,js,fd3c16d3,akuppal,2025-05-03,12:55:45,-07:00,2025-05-03T12:55:45-07:00,0,0
projects/projects.js,43,js,fd3c16d3,akuppal,2025-05-03,12:55:45,-07:00,2025-05-03T12:55:45-07:00,0,0
projects/projects.js,44,js,33e090e0,akuppal,2025-05-03,13:01:42,-07:00,2025-05-03T13:01:42-07:00,0,27
projects/projects.js,45,js,33e090e0,akuppal,2025-05-03,13:01:42,-07:00,2025-05-03T13:01:42-07:00,0,0
projects/projects.js,46,js,33e090e0,akuppal,2025-05-03,13:01:42,-07:00,2025-05-03T13:01:42-07:00,0,0
projects/projects.js,47,js,fd3c16d3,akuppal,2025-05-03,12:55:45,-07:00,2025-05-03T12:55:45-07:00,0,26
projects/projects.js,48,js,fd3c16d3,akuppal,2025-05-03,12:55:45,-07:00,2025-05-03T12:55:45-07:00,0,7
projects/projects.js,49,js,fd3c16d3,akuppal,2025-05-03,12:55:45,-07:00,2025-05-03T12:55:45-07:00,0,13
projects/projects.js,50,js,33e090e0,akuppal,2025-05-03,13:01:42,-07:00,2025-05-03T13:01:42-07:00,0,10
projects/projects.js,51,js,33e090e0,akuppal,2025-05-03,13:01:42,-07:00,2025-05-03T13:01:42-07:00,0,0
projects/projects.js,52,js,33e090e0,akuppal,2025-05-03,13:01:42,-07:00,2025-05-03T13:01:42-07:00,0,55
projects/projects.js,53,js,33e090e0,akuppal,2025-05-03,13:01:42,-07:00,2025-05-03T13:01:42-07:00,0,47
projects/projects.js,54,js,fd3c16d3,akuppal,2025-05-03,12:55:45,-07:00,2025-05-03T12:55:45-07:00,0,0
projects/projects.js,55,js,fd3c16d3,akuppal,2025-05-03,12:55:45,-07:00,2025-05-03T12:55:45-07:00,0,0
projects/projects.js,56,js,33e090e0,akuppal,2025-05-03,13:01:42,-07:00,2025-05-03T13:01:42-07:00,0,52
projects/projects.js,57,js,33e090e0,akuppal,2025-05-03,13:01:42,-07:00,2025-05-03T13:01:42-07:00,0,56
projects/projects.js,58,js,33e090e0,akuppal,2025-05-03,13:01:42,-07:00,2025-05-03T13:01:42-07:00,0,54
projects/projects.js,59,js,fd3c16d3,akuppal,2025-05-03,12:55:45,-07:00,2025-05-03T12:55:45-07:00,0,0
projects/projects.js,60,js,fd3c16d3,akuppal,2025-05-03,12:55:45,-07:00,2025-05-03T12:55:45-07:00,0,0
projects/projects.js,61,js,33e090e0,akuppal,2025-05-03,13:01:42,-07:00,2025-05-03T13:01:42-07:00,0,20
projects/projects.js,62,js,1cc5a0ea,akuppal,2025-05-03,13:11:27,-07:00,2025-05-03T13:11:27-07:00,0,12
projects/projects.js,63,js,1cc5a0ea,akuppal,2025-05-03,13:11:27,-07:00,2025-05-03T13:11:27-07:00,0,12
projects/projects.js,64,js,1cc5a0ea,akuppal,2025-05-03,13:11:27,-07:00,2025-05-03T13:11:27-07:00,0,17
projects/projects.js,65,js,1cc5a0ea,akuppal,2025-05-03,13:11:27,-07:00,2025-05-03T13:11:27-07:00,0,33
projects/projects.js,66,js,1cc5a0ea,akuppal,2025-05-03,13:11:27,-07:00,2025-05-03T13:11:27-07:00,0,65
projects/projects.js,67,js,1cc5a0ea,akuppal,2025-05-03,13:11:27,-07:00,2025-05-03T13:11:27-07:00,0,27
projects/projects.js,68,js,1cc5a0ea,akuppal,2025-05-03,13:11:27,-07:00,2025-05-03T13:11:27-07:00,0,17
projects/projects.js,69,js,1cc5a0ea,akuppal,2025-05-03,13:11:27,-07:00,2025-05-03T13:11:27-07:00,0,46
projects/projects.js,70,js,1cc5a0ea,akuppal,2025-05-03,13:11:27,-07:00,2025-05-03T13:11:27-07:00,0,52
projects/projects.js,71,js,1cc5a0ea,akuppal,2025-05-03,13:11:27,-07:00,2025-05-03T13:11:27-07:00,0,2
projects/projects.js,72,js,fd3c16d3,akuppal,2025-05-03,12:55:45,-07:00,2025-05-03T12:55:45-07:00,0,0
projects/projects.js,73,js,fd3c16d3,akuppal,2025-05-03,12:55:45,-07:00,2025-05-03T12:55:45-07:00,0,0
projects/projects.js,74,js,fd3c16d3,akuppal,2025-05-03,12:55:45,-07:00,2025-05-03T12:55:45-07:00,0,21
projects/projects.js,75,js,33e090e0,akuppal,2025-05-03,13:01:42,-07:00,2025-05-03T13:01:42-07:00,0,13
projects/projects.js,76,js,33e090e0,akuppal,2025-05-03,13:01:42,-07:00,2025-05-03T13:01:42-07:00,0,10
projects/projects.js,77,js,33e090e0,akuppal,2025-05-03,13:01:42,-07:00,2025-05-03T13:01:42-07:00,0,23
projects/projects.js,78,js,33e090e0,akuppal,2025-05-03,13:01:42,-07:00,2025-05-03T13:01:42-07:00,0,54
projects/projects.js,79,js,33e090e0,akuppal,2025-05-03,13:01:42,-07:00,2025-05-03T13:01:42-07:00,0,47
projects/projects.js,80,js,33e090e0,akuppal,2025-05-03,13:01:42,-07:00,2025-05-03T13:01:42-07:00,0,29
projects/projects.js,81,js,33e090e0,akuppal,2025-05-03,13:01:42,-07:00,2025-05-03T13:01:42-07:00,0,74
projects/projects.js,82,js,33e090e0,akuppal,2025-05-03,13:01:42,-07:00,2025-05-03T13:01:42-07:00,0,30
projects/projects.js,83,js,33e090e0,akuppal,2025-05-03,13:01:42,-07:00,2025-05-03T13:01:42-07:00,0,27
projects/projects.js,84,js,33e090e0,akuppal,2025-05-03,13:01:42,-07:00,2025-05-03T13:01:42-07:00,0,46
projects/projects.js,85,js,1cc5a0ea,akuppal,2025-05-03,13:11:27,-07:00,2025-05-03T13:11:27-07:00,0,52
projects/projects.js,86,js,33e090e0,akuppal,2025-05-03,13:01:42,-07:00,2025-05-03T13:01:42-07:00,0,2
projects/projects.js,87,js,33e090e0,akuppal,2025-05-03,13:01:42,-07:00,2025-05-03T13:01:42-07:00,0,0
projects/projects.js,88,js,fd3c16d3,akuppal,2025-05-03,12:55:45,-07:00,2025-05-03T12:55:45-07:00,0,0
projects/projects.js,89,js,33e090e0,akuppal,2025-05-03,13:01:42,-07:00,2025-05-03T13:01:42-07:00,0,0
projects/projects.js,90,js,1cc5a0ea,akuppal,2025-05-03,13:11:27,-07:00,2025-05-03T13:11:27-07:00,0,62
projects/projects.js,91,js,1cc5a0ea,akuppal,2025-05-03,13:11:27,-07:00,2025-05-03T13:11:27-07:00,0,20
projects/projects.js,92,js,33e090e0,akuppal,2025-05-03,13:01:42,-07:00,2025-05-03T13:01:42-07:00,0,12
projects/projects.js,93,js,33e090e0,akuppal,2025-05-03,13:01:42,-07:00,2025-05-03T13:01:42-07:00,0,12
projects/projects.js,94,js,33e090e0,akuppal,2025-05-03,13:01:42,-07:00,2025-05-03T13:01:42-07:00,0,17
projects/projects.js,95,js,33e090e0,akuppal,2025-05-03,13:01:42,-07:00,2025-05-03T13:01:42-07:00,0,33
projects/projects.js,96,js,1cc5a0ea,akuppal,2025-05-03,13:11:27,-07:00,2025-05-03T13:11:27-07:00,0,53
projects/projects.js,97,js,1cc5a0ea,akuppal,2025-05-03,13:11:27,-07:00,2025-05-03T13:11:27-07:00,0,20
projects/projects.js,98,js,1cc5a0ea,akuppal,2025-05-03,13:11:27,-07:00,2025-05-03T13:11:27-07:00,0,53
projects/projects.js,99,js,1cc5a0ea,akuppal,2025-05-03,13:11:27,-07:00,2025-05-03T13:11:27-07:00,0,56
projects/projects.js,100,js,1cc5a0ea,akuppal,2025-05-03,13:11:27,-07:00,2025-05-03T13:11:27-07:00,0,1
projects/projects.js,101,js,33e090e0,akuppal,2025-05-03,13:01:42,-07:00,2025-05-03T13:01:42-07:00,0,27
projects/projects.js,102,js,33e090e0,akuppal,2025-05-03,13:01:42,-07:00,2025-05-03T13:01:42-07:00,0,17
projects/projects.js,103,js,33e090e0,akuppal,2025-05-03,13:01:42,-07:00,2025-05-03T13:01:42-07:00,0,46
projects/projects.js,104,js,1cc5a0ea,akuppal,2025-05-03,13:11:27,-07:00,2025-05-03T13:11:27-07:00,0,52
projects/projects.js,105,js,33e090e0,akuppal,2025-05-03,13:01:42,-07:00,2025-05-03T13:01:42-07:00,0,2
projects/projects.js,106,js,1cc5a0ea,akuppal,2025-05-03,13:11:27,-07:00,2025-05-03T13:11:27-07:00,0,0
projects/projects.js,107,js,1cc5a0ea,akuppal,2025-05-03,13:11:27,-07:00,2025-05-03T13:11:27-07:00,0,21
projects/projects.js,108,js,1cc5a0ea,akuppal,2025-05-03,13:11:27,-07:00,2025-05-03T13:11:27-07:00,0,25
projects/projects.js,109,js,1cc5a0ea,akuppal,2025-05-03,13:11:27,-07:00,2025-05-03T13:11:27-07:00,0,26
projects/projects.js,110,js,1cc5a0ea,akuppal,2025-05-03,13:11:27,-07:00,2025-05-03T13:11:27-07:00,0,53
projects/projects.js,111,js,1cc5a0ea,akuppal,2025-05-03,13:11:27,-07:00,2025-05-03T13:11:27-07:00,0,48
projects/projects.js,112,js,1cc5a0ea,akuppal,2025-05-03,13:11:27,-07:00,2025-05-03T13:11:27-07:00,0,18
projects/projects.js,113,js,1cc5a0ea,akuppal,2025-05-03,13:11:27,-07:00,2025-05-03T13:11:27-07:00,0,2
projects/projects.js,114,js,1cc5a0ea,akuppal,2025-05-03,13:11:27,-07:00,2025-05-03T13:11:27-07:00,0,0
projects/index.html,1,html,b588371f,akuppal,2025-04-25,22:25:45,-07:00,2025-04-25T22:25:45-07:00,0,14
projects/index.html,2,html,90b8b157,akuppal,2025-04-04,16:42:54,-07:00,2025-04-04T16:42:54-07:00,0,15
projects/index.html,3,html,90b8b157,akuppal,2025-04-04,16:42:54,-07:00,2025-04-04T16:42:54-07:00,0,5
projects/index.html,4,html,b588371f,akuppal,2025-04-25,22:25:45,-07:00,2025-04-25T22:25:45-07:00,0,21
projects/index.html,5,html,b588371f,akuppal,2025-04-25,22:25:45,-07:00,2025-04-25T22:25:45-07:00,0,22
projects/index.html,6,html,b588371f,akuppal,2025-04-25,22:25:45,-07:00,2025-04-25T22:25:45-07:00,0,59
projects/index.html,7,html,90b8b157,akuppal,2025-04-04,16:42:54,-07:00,2025-04-04T16:42:54-07:00,0,6
projects/index.html,8,html,90b8b157,akuppal,2025-04-04,16:42:54,-07:00,2025-04-04T16:42:54-07:00,0,5
projects/index.html,9,html,90b8b157,akuppal,2025-04-04,16:42:54,-07:00,2025-04-04T16:42:54-07:00,0,0
projects/index.html,10,html,b588371f,akuppal,2025-04-25,22:25:45,-07:00,2025-04-25T22:25:45-07:00,0,39
projects/index.html,11,html,d4eb865d,akuppal,2025-04-18,21:12:29,-07:00,2025-04-18T21:12:29-07:00,0,0
projects/index.html,12,html,fd3c16d3,akuppal,2025-05-03,12:55:45,-07:00,2025-05-03T12:55:45-07:00,0,22
projects/index.html,13,html,fd3c16d3,akuppal,2025-05-03,12:55:45,-07:00,2025-05-03T12:55:45-07:00,0,59
projects/index.html,14,html,fd3c16d3,akuppal,2025-05-03,12:55:45,-07:00,2025-05-03T12:55:45-07:00,0,23
projects/index.html,15,html,fd3c16d3,akuppal,2025-05-03,12:55:45,-07:00,2025-05-03T12:55:45-07:00,0,5
projects/index.html,16,html,fd3c16d3,akuppal,2025-05-03,12:55:45,-07:00,2025-05-03T12:55:45-07:00,0,0
projects/index.html,17,html,fd3c16d3,akuppal,2025-05-03,12:55:45,-07:00,2025-05-03T12:55:45-07:00,0,5
projects/index.html,18,html,fd3c16d3,akuppal,2025-05-03,12:55:45,-07:00,2025-05-03T12:55:45-07:00,0,16
projects/index.html,19,html,fd3c16d3,akuppal,2025-05-03,12:55:45,-07:00,2025-05-03T12:55:45-07:00,0,12
projects/index.html,20,html,fd3c16d3,akuppal,2025-05-03,12:55:45,-07:00,2025-05-03T12:55:45-07:00,0,27
projects/index.html,21,html,fd3c16d3,akuppal,2025-05-03,12:55:45,-07:00,2025-05-03T12:55:45-07:00,0,32
projects/index.html,22,html,fd3c16d3,akuppal,2025-05-03,12:55:45,-07:00,2025-05-03T12:55:45-07:00,0,1
projects/index.html,23,html,90b8b157,akuppal,2025-04-04,16:42:54,-07:00,2025-04-04T16:42:54-07:00,0,0
projects/index.html,24,html,1cc5a0ea,akuppal,2025-05-03,13:11:27,-07:00,2025-05-03T13:11:27-07:00,0,27
projects/index.html,25,html,1cc5a0ea,akuppal,2025-05-03,13:11:27,-07:00,2025-05-03T13:11:27-07:00,0,0
projects/index.html,26,html,b588371f,akuppal,2025-04-25,22:25:45,-07:00,2025-04-25T22:25:45-07:00,0,49
projects/index.html,27,html,b588371f,akuppal,2025-04-25,22:25:45,-07:00,2025-04-25T22:25:45-07:00,0,48
projects/index.html,28,html,b588371f,akuppal,2025-04-25,22:25:45,-07:00,2025-04-25T22:25:45-07:00,0,6
projects/index.html,29,html,b588371f,akuppal,2025-04-25,22:25:45,-07:00,2025-04-25T22:25:45-07:00,0,6
projects/index.html,30,html,fd3c16d3,akuppal,2025-05-03,12:55:45,-07:00,2025-05-03T12:55:45-07:00,0,0
projects/index.html,31,html,fd3c16d3,akuppal,2025-05-03,12:55:45,-07:00,2025-05-03T12:55:45-07:00,0,0
projects/index.html,32,html,fd3c16d3,akuppal,2025-05-03,12:55:45,-07:00,2025-05-03T12:55:45-07:00,0,0
contact/index.html,1,html,90b8b157,akuppal,2025-04-04,16:42:54,-07:00,2025-04-04T16:42:54-07:00,0,15
contact/index.html,2,html,90b8b157,akuppal,2025-04-04,16:42:54,-07:00,2025-04-04T16:42:54-07:00,0,5
contact/index.html,3,html,90b8b157,akuppal,2025-04-04,16:42:54,-07:00,2025-04-04T16:42:54-07:00,0,21
contact/index.html,4,html,90b8b157,akuppal,2025-04-04,16:42:54,-07:00,2025-04-04T16:42:54-07:00,0,21
contact/index.html,5,html,0b2bf368,akuppal,2025-04-11,18:32:33,-07:00,2025-04-11T18:32:33-07:00,0,59
contact/index.html,6,html,90b8b157,akuppal,2025-04-04,16:42:54,-07:00,2025-04-04T16:42:54-07:00,0,6
contact/index.html,7,html,90b8b157,akuppal,2025-04-04,16:42:54,-07:00,2025-04-04T16:42:54-07:00,0,5
contact/index.html,8,html,90b8b157,akuppal,2025-04-04,16:42:54,-07:00,2025-04-04T16:42:54-07:00,0,0
contact/index.html,9,html,0b2bf368,akuppal,2025-04-11,18:32:33,-07:00,2025-04-11T18:32:33-07:00,0,18
contact/index.html,10,html,90b8b157,akuppal,2025-04-04,16:42:54,-07:00,2025-04-04T16:42:54-07:00,0,0
contact/index.html,11,html,d4eb865d,akuppal,2025-04-18,21:12:29,-07:00,2025-04-18T21:12:29-07:00,0,0
contact/index.html,12,html,d4eb865d,akuppal,2025-04-18,21:12:29,-07:00,2025-04-18T21:12:29-07:00,0,49
contact/index.html,13,html,90b8b157,akuppal,2025-04-04,16:42:54,-07:00,2025-04-04T16:42:54-07:00,0,0
contact/index.html,14,html,90b8b157,akuppal,2025-04-04,16:42:54,-07:00,2025-04-04T16:42:54-07:00,0,6
contact/index.html,15,html,90b8b157,akuppal,2025-04-04,16:42:54,-07:00,2025-04-04T16:42:54-07:00,0,6
contact/index.html,16,html,3c782ce1,akuppal,2025-04-04,16:21:22,-07:00,2025-04-04T16:21:22-07:00,0,72
contact/index.html,17,html,3c782ce1,akuppal,2025-04-04,16:21:22,-07:00,2025-04-04T16:21:22-07:00,0,6
contact/index.html,18,html,3c782ce1,akuppal,2025-04-04,16:21:22,-07:00,2025-04-04T16:21:22-07:00,0,5
contact/index.html,19,html,3c782ce1,akuppal,2025-04-04,16:21:22,-07:00,2025-04-04T16:21:22-07:00,0,41
contact/index.html,20,html,3c782ce1,akuppal,2025-04-04,16:21:22,-07:00,2025-04-04T16:21:22-07:00,0,7
contact/index.html,21,html,3c782ce1,akuppal,2025-04-04,16:21:22,-07:00,2025-04-04T16:21:22-07:00,0,0
contact/index.html,22,html,3c782ce1,akuppal,2025-04-04,16:21:22,-07:00,2025-04-04T16:21:22-07:00,0,6
contact/index.html,23,html,3c782ce1,akuppal,2025-04-04,16:21:22,-07:00,2025-04-04T16:21:22-07:00,0,7
contact/index.html,24,html,3c782ce1,akuppal,2025-04-04,16:21:22,-07:00,2025-04-04T16:21:22-07:00,0,21
contact/index.html,25,html,3c782ce1,akuppal,2025-04-04,16:21:22,-07:00,2025-04-04T16:21:22-07:00,0,7
contact/index.html,26,html,3c782ce1,akuppal,2025-04-04,16:21:22,-07:00,2025-04-04T16:21:22-07:00,0,0
contact/index.html,27,html,3c782ce1,akuppal,2025-04-04,16:21:22,-07:00,2025-04-04T16:21:22-07:00,0,6
contact/index.html,28,html,3c782ce1,akuppal,2025-04-04,16:21:22,-07:00,2025-04-04T16:21:22-07:00,0,7
contact/index.html,29,html,3c782ce1,akuppal,2025-04-04,16:21:22,-07:00,2025-04-04T16:21:22-07:00,0,60
contact/index.html,30,html,3c782ce1,akuppal,2025-04-04,16:21:22,-07:00,2025-04-04T16:21:22-07:00,0,7
contact/index.html,31,html,90b8b157,akuppal,2025-04-04,16:42:54,-07:00,2025-04-04T16:42:54-07:00,0,0
contact/index.html,32,html,3c782ce1,akuppal,2025-04-04,16:21:22,-07:00,2025-04-04T16:21:22-07:00,0,20
contact/index.html,33,html,3c782ce1,akuppal,2025-04-04,16:21:22,-07:00,2025-04-04T16:21:22-07:00,0,6
